<?xml version="1.0"?>
<doc>
    <assembly>
        <name>Tao.Platform.X11</name>
    </assembly>
    <members>
        <member name="M:Tao.Platform.X11.API.Free(System.IntPtr)">
            <summary>
            Frees the memory used by an X structure. Only use on unmanaged structures!
            </summary>
            <param name="data">A pointer to the structure that will be freed.</param>
        </member>
        <member name="M:Tao.Platform.X11.API.SelectInput(System.IntPtr,System.IntPtr,Tao.Platform.X11.EventMask)">
            <summary>
            The XSelectInput() function requests that the X server report the events associated
            with the specified event mask.
            </summary>
            <param name="display">Specifies the connection to the X server.</param>
            <param name="w">Specifies the window whose events you are interested in.</param>
            <param name="event_mask">Specifies the event mask.</param>
            <remarks>
            Initially, X will not report any of these events.
            Events are reported relative to a window.
            If a window is not interested in a device event,
            it usually propagates to the closest ancestor that is interested,
            unless the do_not_propagate mask prohibits it.
            Setting the event-mask attribute of a window overrides any previous call for the same window but not for other clients. Multiple clients can select for the same events on the same window with the following restrictions: 
            <para>Multiple clients can select events on the same window because their event masks are disjoint. When the X server generates an event, it reports it to all interested clients. </para>
            <para>Only one client at a time can select CirculateRequest, ConfigureRequest, or MapRequest events, which are associated with the event mask SubstructureRedirectMask. </para>
            <para>Only one client at a time can select a ResizeRequest event, which is associated with the event mask ResizeRedirectMask. </para>
            <para>Only one client at a time can select a ButtonPress event, which is associated with the event mask ButtonPressMask. </para>
            <para>The server reports the event to all interested clients. </para>
            <para>XSelectInput() can generate a BadWindow error.</para>
            </remarks>
        </member>
        <member name="M:Tao.Platform.X11.API.CheckIfEvent(System.IntPtr,Tao.Platform.X11.XEvent@,Tao.Platform.X11.API.CheckEventPredicate,System.IntPtr)">
            <summary>
            When the predicate procedure finds a match, XCheckIfEvent() copies the matched event into the client-supplied XEvent structure and returns True. (This event is removed from the queue.) If the predicate procedure finds no match, XCheckIfEvent() returns False, and the output buffer will have been flushed. All earlier events stored in the queue are not discarded.
            </summary>
            <param name="display">Specifies the connection to the X server.</param>
            <param name="event_return">Returns a copy of the matched event's associated structure.</param>
            <param name="predicate">Specifies the procedure that is to be called to determine if the next event in the queue matches what you want</param>
            <param name="arg">Specifies the user-supplied argument that will be passed to the predicate procedure.</param>
            <returns>true if the predicate returns true for some event, false otherwise</returns>
        </member>
        <member name="M:Tao.Platform.X11.API.GetKeyboardMapping(System.IntPtr,System.Byte,System.Int32,System.Int32@)">
            <summary>
            The XGetKeyboardMapping() function returns the symbols for the specified number of KeyCodes starting with first_keycode.
            </summary>
            <param name="display">Specifies the connection to the X server.</param>
            <param name="first_keycode">Specifies the first KeyCode that is to be returned.</param>
            <param name="keycode_count">Specifies the number of KeyCodes that are to be returned</param>
            <param name="keysyms_per_keycode_return">Returns the number of KeySyms per KeyCode.</param>
            <returns></returns>
            <remarks>
            <para>The value specified in first_keycode must be greater than or equal to min_keycode as returned by XDisplayKeycodes(), or a BadValue error results. In addition, the following expression must be less than or equal to max_keycode as returned by XDisplayKeycodes(): </para>
            <para>first_keycode + keycode_count - 1 </para>
            <para>If this is not the case, a BadValue error results. The number of elements in the KeySyms list is: </para>
            <para>keycode_count * keysyms_per_keycode_return </para>
            <para>KeySym number N, counting from zero, for KeyCode K has the following index in the list, counting from zero: </para>
            <para> (K - first_code) * keysyms_per_code_return + N </para>
            <para>The X server arbitrarily chooses the keysyms_per_keycode_return value to be large enough to report all requested symbols. A special KeySym value of NoSymbol is used to fill in unused elements for individual KeyCodes. To free the storage returned by XGetKeyboardMapping(), use XFree(). </para>
            <para>XGetKeyboardMapping() can generate a BadValue error.</para>
            <para>Diagnostics:</para>
            <para>BadValue:	Some numeric value falls outside the range of values accepted by the request. Unless a specific range is specified for an argument, the full range defined by the argument's type is accepted. Any argument defined as a set of alternatives can generate this error.</para>
            </remarks>
        </member>
        <member name="M:Tao.Platform.X11.API.DisplayKeycodes(System.IntPtr,System.Int32@,System.Int32@)">
            <summary>
            The XDisplayKeycodes() function returns the min-keycodes and max-keycodes supported by the specified display.
            </summary>
            <param name="display">Specifies the connection to the X server.</param>
            <param name="min_keycodes_return">Returns the minimum number of KeyCodes</param>
            <param name="max_keycodes_return">Returns the maximum number of KeyCodes.</param>
            <remarks> The minimum number of KeyCodes returned is never less than 8, and the maximum number of KeyCodes returned is never greater than 255. Not all KeyCodes in this range are required to have corresponding keys.</remarks>
        </member>
        <member name="T:Tao.Platform.X11.API.XF86VidModeModeInfo">
            <summary>
            Specifies an XF86 display mode.
            </summary>
        </member>
        <member name="F:Tao.Platform.X11.API.XF86VidModeModeInfo.dotclock">
            <summary>
            Pixel clock.
            </summary>
        </member>
        <member name="F:Tao.Platform.X11.API.XF86VidModeModeInfo.hdisplay">
            <summary>
            Number of display pixels horizontally
            </summary>
        </member>
        <member name="F:Tao.Platform.X11.API.XF86VidModeModeInfo.hsyncstart">
            <summary>
            Horizontal sync start
            </summary>
        </member>
        <member name="F:Tao.Platform.X11.API.XF86VidModeModeInfo.hsyncend">
            <summary>
            Horizontal sync end
            </summary>
        </member>
        <member name="F:Tao.Platform.X11.API.XF86VidModeModeInfo.htotal">
            <summary>
            Total horizontal pixel
            </summary>
        </member>
        <member name="F:Tao.Platform.X11.API.XF86VidModeModeInfo.hskew">
            <summary>
            
            </summary>
        </member>
        <member name="F:Tao.Platform.X11.API.XF86VidModeModeInfo.vdisplay">
            <summary>
            Number of display pixels vertically
            </summary>
        </member>
        <member name="F:Tao.Platform.X11.API.XF86VidModeModeInfo.vsyncstart">
            <summary>
            Vertical sync start
            </summary>
        </member>
        <member name="F:Tao.Platform.X11.API.XF86VidModeModeInfo.vsyncend">
            <summary>
            Vertical sync end
            </summary>
        </member>
        <member name="F:Tao.Platform.X11.API.XF86VidModeModeInfo.vtotal">
            <summary>
            Total vertical pixels
            </summary>
        </member>
        <member name="F:Tao.Platform.X11.API.XF86VidModeModeInfo.vskew">
            <summary>
            
            </summary>
        </member>
        <member name="F:Tao.Platform.X11.API.XF86VidModeModeInfo.flags">
            <summary>
            Mode flags
            </summary>
        </member>
        <member name="T:Tao.Platform.X11.VisualInfo">
            <summary>
            
            </summary>
        </member>
        <member name="M:Tao.Platform.X11.VisualInfo.ToString">
            <summary>
            
            </summary>
            <returns></returns>
        </member>
        <member name="F:Tao.Platform.X11.SetWindowAttributes.background_pixmap">
            <summary>
            background, None, or ParentRelative
            </summary>
        </member>
        <member name="F:Tao.Platform.X11.SetWindowAttributes.background_pixel">
            <summary>
            background pixel
            </summary>
        </member>
        <member name="F:Tao.Platform.X11.SetWindowAttributes.border_pixmap">
            <summary>
            border of the window or CopyFromParent
            </summary>
        </member>
        <member name="F:Tao.Platform.X11.SetWindowAttributes.border_pixel">
            <summary>
            border pixel value
            </summary>
        </member>
        <member name="F:Tao.Platform.X11.SetWindowAttributes.bit_gravity">
            <summary>
            one of bit gravity values
            </summary>
        </member>
        <member name="F:Tao.Platform.X11.SetWindowAttributes.win_gravity">
            <summary>
            one of the window gravity values
            </summary>
        </member>
        <member name="F:Tao.Platform.X11.SetWindowAttributes.backing_store">
            <summary>
            NotUseful, WhenMapped, Always
            </summary>
        </member>
        <member name="F:Tao.Platform.X11.SetWindowAttributes.backing_planes">
            <summary>
            planes to be preserved if possible
            </summary>
        </member>
        <member name="F:Tao.Platform.X11.SetWindowAttributes.backing_pixel">
            <summary>
            value to use in restoring planes
            </summary>
        </member>
        <member name="F:Tao.Platform.X11.SetWindowAttributes.save_under">
            <summary>
            should bits under be saved? (popups)
            </summary>
        </member>
        <member name="F:Tao.Platform.X11.SetWindowAttributes.event_mask">
            <summary>
            set of events that should be saved
            </summary>
        </member>
        <member name="F:Tao.Platform.X11.SetWindowAttributes.do_not_propagate_mask">
            <summary>
            set of events that should not propagate
            </summary>
        </member>
        <member name="F:Tao.Platform.X11.SetWindowAttributes.override_redirect">
            <summary>
            boolean value for override_redirect
            </summary>
        </member>
        <member name="F:Tao.Platform.X11.SetWindowAttributes.colormap">
            <summary>
            color map to be associated with window
            </summary>
        </member>
        <member name="F:Tao.Platform.X11.SetWindowAttributes.cursor">
            <summary>
            cursor to be displayed (or None)
            </summary>
        </member>
        <member name="T:Tao.Platform.X11.XKey">
            <summary>
            Defines LATIN-1 and miscellaneous keys.
            </summary>
        </member>
        <member name="T:Tao.Platform.X11.XVisualInfo">
            <summary>
            
            </summary>
        </member>
        <member name="F:Tao.Platform.X11.XVisualInfo.visual">
            <summary>
            
            </summary>
        </member>
        <member name="F:Tao.Platform.X11.XVisualInfo.visualid">
            <summary>
            
            </summary>
        </member>
        <member name="F:Tao.Platform.X11.XVisualInfo.screen">
            <summary>
            
            </summary>
        </member>
        <member name="F:Tao.Platform.X11.XVisualInfo.depth">
            <summary>
            
            </summary>
        </member>
        <member name="F:Tao.Platform.X11.XVisualInfo.class">
            <summary>
            
            </summary>
        </member>
        <member name="F:Tao.Platform.X11.XVisualInfo.redMask">
            <summary>
            
            </summary>
        </member>
        <member name="F:Tao.Platform.X11.XVisualInfo.greenMask">
            <summary>
            
            </summary>
        </member>
        <member name="F:Tao.Platform.X11.XVisualInfo.blueMask">
            <summary>
            
            </summary>
        </member>
        <member name="F:Tao.Platform.X11.XVisualInfo.colormap_size">
            <summary>
            
            </summary>
        </member>
        <member name="F:Tao.Platform.X11.XVisualInfo.bits_per_rgb">
            <summary>
            
            </summary>
        </member>
        <member name="M:Tao.Platform.X11.XVisualInfo.ToString">
            <summary>
            
            </summary>
            <returns></returns>
        </member>
        <member name="T:Tao.Platform.X11.XVisualClass">
            <summary>
            
            </summary>
        </member>
        <member name="F:Tao.Platform.X11.XVisualClass.StaticGray">
            <summary>
            
            </summary>
        </member>
        <member name="F:Tao.Platform.X11.XVisualClass.GrayScale">
            <summary>
            
            </summary>
        </member>
        <member name="F:Tao.Platform.X11.XVisualClass.StaticColor">
            <summary>
            
            </summary>
        </member>
        <member name="F:Tao.Platform.X11.XVisualClass.PseudoColor">
            <summary>
            
            </summary>
        </member>
        <member name="F:Tao.Platform.X11.XVisualClass.TrueColor">
            <summary>
            
            </summary>
        </member>
        <member name="F:Tao.Platform.X11.XVisualClass.DirectColor">
            <summary>
            
            </summary>
        </member>
        <member name="T:Tao.Platform.X11.Glx">
            <summary>
                GLX (OpenGL XWindow Extensions) binding for .NET, implementing GLX 1.4.
            </summary>
            <remarks>
                <para>
                    Binds functions and definitions in libGL.so.
                </para>
                <para>
                    The OpenGL XWindow Extensions (GLX) library contains several groups of functions that
                    complement the core OpenGL interface by providing integration with XWindows.
            </para>
                <para>
                    These utility functions make use of core OpenGL functions, so any OpenGL
                    implementation is guaranteed to support the utility functions.
                </para>
            </remarks>
        </member>
        <member name="F:Tao.Platform.X11.Glx.LIBGL">
            <summary>
            	Specifies the library the functions are located in.
            </summary>
        </member>
        <member name="F:Tao.Platform.X11.Glx.CALLING_CONVENTION">
            <summary>
                Specifies the calling convention.
            </summary>
            <remarks>
                Specifies <see cref="F:System.Runtime.InteropServices.CallingConvention.Winapi"/> for Windows and
                Linux, to indicate that the default should be used.
            </remarks>
        </member>
        <member name="F:Tao.Platform.X11.Glx.GLX_VERSION_1_1">
            <summary>
            
            </summary>
        </member>
        <member name="F:Tao.Platform.X11.Glx.GLX_VERSION_1_2">
            <summary>
            
            </summary>
        </member>
        <member name="F:Tao.Platform.X11.Glx.GLX_VERSION_1_3">
            <summary>
            
            </summary>
        </member>
        <member name="F:Tao.Platform.X11.Glx.GLX_VERSION_1_4">
            <summary>
            
            </summary>
        </member>
        <member name="F:Tao.Platform.X11.Glx.GLX_USE_GL">
            <summary>
            
            </summary>
        </member>
        <member name="F:Tao.Platform.X11.Glx.GLX_BUFFER_SIZE">
            <summary>
            
            </summary>
        </member>
        <member name="F:Tao.Platform.X11.Glx.GLX_LEVEL">
            <summary>
            
            </summary>
        </member>
        <member name="F:Tao.Platform.X11.Glx.GLX_RGBA">
            <summary>
            
            </summary>
        </member>
        <member name="F:Tao.Platform.X11.Glx.GLX_DOUBLEBUFFER">
            <summary>
            
            </summary>
        </member>
        <member name="F:Tao.Platform.X11.Glx.GLX_STEREO">
            <summary>
            
            </summary>
        </member>
        <member name="F:Tao.Platform.X11.Glx.GLX_AUX_BUFFERS">
            <summary>
            
            </summary>
        </member>
        <member name="F:Tao.Platform.X11.Glx.GLX_RED_SIZE">
            <summary>
            
            </summary>
        </member>
        <member name="F:Tao.Platform.X11.Glx.GLX_GREEN_SIZE">
            <summary>
            
            </summary>
        </member>
        <member name="F:Tao.Platform.X11.Glx.GLX_BLUE_SIZE">
            <summary>
            
            </summary>
        </member>
        <member name="F:Tao.Platform.X11.Glx.GLX_ALPHA_SIZE">
            <summary>
            
            </summary>
        </member>
        <member name="F:Tao.Platform.X11.Glx.GLX_DEPTH_SIZE">
            <summary>
            
            </summary>
        </member>
        <member name="F:Tao.Platform.X11.Glx.GLX_STENCIL_SIZE">
            <summary>
            
            </summary>
        </member>
        <member name="F:Tao.Platform.X11.Glx.GLX_ACCUM_RED_SIZE">
            <summary>
            
            </summary>
        </member>
        <member name="F:Tao.Platform.X11.Glx.GLX_ACCUM_GREEN_SIZE">
            <summary>
            
            </summary>
        </member>
        <member name="F:Tao.Platform.X11.Glx.GLX_ACCUM_BLUE_SIZE">
            <summary>
            
            </summary>
        </member>
        <member name="F:Tao.Platform.X11.Glx.GLX_ACCUM_ALPHA_SIZE">
            <summary>
            
            </summary>
        </member>
        <member name="F:Tao.Platform.X11.Glx.GLX_X_VISUAL_TYPE">
            <summary>
            
            </summary>
        </member>
        <member name="F:Tao.Platform.X11.Glx.GLX_CONFIG_CAVEAT">
            <summary>
            
            </summary>
        </member>
        <member name="F:Tao.Platform.X11.Glx.GLX_TRANSPARENT_TYPE">
            <summary>
            
            </summary>
        </member>
        <member name="F:Tao.Platform.X11.Glx.GLX_TRANSPARENT_INDEX_VALUE">
            <summary>
            
            </summary>
        </member>
        <member name="F:Tao.Platform.X11.Glx.GLX_TRANSPARENT_RED_VALUE">
            <summary>
            
            </summary>
        </member>
        <member name="F:Tao.Platform.X11.Glx.GLX_TRANSPARENT_GREEN_VALUE">
            <summary>
            
            </summary>
        </member>
        <member name="F:Tao.Platform.X11.Glx.GLX_TRANSPARENT_BLUE_VALUE">
            <summary>
            
            </summary>
        </member>
        <member name="F:Tao.Platform.X11.Glx.GLX_TRANSPARENT_ALPHA_VALUE">
            <summary>
            
            </summary>
        </member>
        <member name="F:Tao.Platform.X11.Glx.GLX_DRAWABLE_TYPE">
            <summary>
            
            </summary>
        </member>
        <member name="F:Tao.Platform.X11.Glx.GLX_RENDER_TYPE">
            <summary>
            
            </summary>
        </member>
        <member name="F:Tao.Platform.X11.Glx.GLX_X_RENDERABLE">
            <summary>
            
            </summary>
        </member>
        <member name="F:Tao.Platform.X11.Glx.GLX_FBCONFIG_ID">
            <summary>
            
            </summary>
        </member>
        <member name="F:Tao.Platform.X11.Glx.GLX_MAX_PBUFFER_WIDTH">
            <summary>
            
            </summary>
        </member>
        <member name="F:Tao.Platform.X11.Glx.GLX_MAX_PBUFFER_HEIGHT">
            <summary>
            
            </summary>
        </member>
        <member name="F:Tao.Platform.X11.Glx.GLX_MAX_PBUFFER_PIXELS">
            <summary>
            
            </summary>
        </member>
        <member name="F:Tao.Platform.X11.Glx.GLX_VISUAL_ID">
            <summary>
            
            </summary>
        </member>
        <member name="F:Tao.Platform.X11.Glx.GLX_OPTIMAL_PBUFFER_WIDTH_SGIX">
            <summary>
            
            </summary>
        </member>
        <member name="F:Tao.Platform.X11.Glx.GLX_OPTIMAL_PBUFFER_HEIGHT_SGIX">
            <summary>
            
            </summary>
        </member>
        <member name="F:Tao.Platform.X11.Glx.GLX_BAD_SCREEN">
            <summary>
            
            </summary>
        </member>
        <member name="F:Tao.Platform.X11.Glx.GLX_BAD_ATTRIBUTE">
            <summary>
            
            </summary>
        </member>
        <member name="F:Tao.Platform.X11.Glx.GLX_NO_EXTENSION">
            <summary>
            
            </summary>
        </member>
        <member name="F:Tao.Platform.X11.Glx.GLX_BAD_VISUAL">
            <summary>
            
            </summary>
        </member>
        <member name="F:Tao.Platform.X11.Glx.GLX_BAD_CONTEXT">
            <summary>
            
            </summary>
        </member>
        <member name="F:Tao.Platform.X11.Glx.GLX_BAD_VALUE">
            <summary>
            
            </summary>
        </member>
        <member name="F:Tao.Platform.X11.Glx.GLX_BAD_ENUM">
            <summary>
            
            </summary>
        </member>
        <member name="F:Tao.Platform.X11.Glx.GLX_DONT_CARE">
            <summary>
            
            </summary>
        </member>
        <member name="F:Tao.Platform.X11.Glx.GLX_RGBA_BIT">
            <summary>
            
            </summary>
        </member>
        <member name="F:Tao.Platform.X11.Glx.GLX_COLOR_INDEX_BIT">
            <summary>
            
            </summary>
        </member>
        <member name="F:Tao.Platform.X11.Glx.GLX_WINDOW_BIT">
            <summary>
            
            </summary>
        </member>
        <member name="F:Tao.Platform.X11.Glx.GLX_PIXMAP_BIT">
            <summary>
            
            </summary>
        </member>
        <member name="F:Tao.Platform.X11.Glx.GLX_PBUFFER_BIT">
            <summary>
            
            </summary>
        </member>
        <member name="F:Tao.Platform.X11.Glx.GLX_NONE">
            <summary>
            
            </summary>
        </member>
        <member name="F:Tao.Platform.X11.Glx.GLX_SLOW_CONFIG">
            <summary>
            
            </summary>
        </member>
        <member name="F:Tao.Platform.X11.Glx.GLX_NON_CONFORMANT_CONFIG">
            <summary>
            
            </summary>
        </member>
        <member name="F:Tao.Platform.X11.Glx.GLX_TRUE_COLOR">
            <summary>
            
            </summary>
        </member>
        <member name="F:Tao.Platform.X11.Glx.GLX_DIRECT_COLOR">
            <summary>
            
            </summary>
        </member>
        <member name="F:Tao.Platform.X11.Glx.GLX_PSEUDO_COLOR">
            <summary>
            
            </summary>
        </member>
        <member name="F:Tao.Platform.X11.Glx.GLX_STATIC_COLOR">
            <summary>
            
            </summary>
        </member>
        <member name="F:Tao.Platform.X11.Glx.GLX_GRAY_SCALE">
            <summary>
            
            </summary>
        </member>
        <member name="F:Tao.Platform.X11.Glx.GLX_STATIC_GRAY">
            <summary>
            
            </summary>
        </member>
        <member name="F:Tao.Platform.X11.Glx.GLX_TRANSPARENT_RGB">
            <summary>
            
            </summary>
        </member>
        <member name="F:Tao.Platform.X11.Glx.GLX_TRANSPARENT_INDEX">
            <summary>
            
            </summary>
        </member>
        <member name="F:Tao.Platform.X11.Glx.GLX_PRESERVED_CONTENTS">
            <summary>
            
            </summary>
        </member>
        <member name="F:Tao.Platform.X11.Glx.GLX_LARGEST_PBUFFER">
            <summary>
            
            </summary>
        </member>
        <member name="F:Tao.Platform.X11.Glx.GLX_PBUFFER_HEIGHT">
            <summary>
            
            </summary>
        </member>
        <member name="F:Tao.Platform.X11.Glx.GLX_PBUFFER_WIDTH">
            <summary>
            
            </summary>
        </member>
        <member name="F:Tao.Platform.X11.Glx.GLX_WIDTH">
            <summary>
            
            </summary>
        </member>
        <member name="F:Tao.Platform.X11.Glx.GLX_HEIGHT">
            <summary>
            
            </summary>
        </member>
        <member name="F:Tao.Platform.X11.Glx.GLX_EVENT_MASK">
            <summary>
            
            </summary>
        </member>
        <member name="F:Tao.Platform.X11.Glx.GLX_RGBA_TYPE">
            <summary>
            
            </summary>
        </member>
        <member name="F:Tao.Platform.X11.Glx.GLX_COLOR_INDEX_TYPE">
            <summary>
            
            </summary>
        </member>
        <member name="F:Tao.Platform.X11.Glx.GLX_SCREEN">
            <summary>
            
            </summary>
        </member>
        <member name="F:Tao.Platform.X11.Glx.GLX_PBUFFER_CLOBBER_MASK">
            <summary>
            
            </summary>
        </member>
        <member name="F:Tao.Platform.X11.Glx.GLX_DAMAGED">
            <summary>
            
            </summary>
        </member>
        <member name="F:Tao.Platform.X11.Glx.GLX_SAVED">
            <summary>
            
            </summary>
        </member>
        <member name="F:Tao.Platform.X11.Glx.GLX_WINDOW">
            <summary>
            
            </summary>
        </member>
        <member name="F:Tao.Platform.X11.Glx.GLX_PBUFFER">
            <summary>
            
            </summary>
        </member>
        <member name="F:Tao.Platform.X11.Glx.GLX_FRONT_LEFT_BUFFER_BIT">
            <summary>
            
            </summary>
        </member>
        <member name="F:Tao.Platform.X11.Glx.GLX_FRONT_RIGHT_BUFFER_BIT">
            <summary>
            
            </summary>
        </member>
        <member name="F:Tao.Platform.X11.Glx.GLX_BACK_LEFT_BUFFER_BIT">
            <summary>
            
            </summary>
        </member>
        <member name="F:Tao.Platform.X11.Glx.GLX_BACK_RIGHT_BUFFER_BIT">
            <summary>
            
            </summary>
        </member>
        <member name="F:Tao.Platform.X11.Glx.GLX_AUX_BUFFERS_BIT">
            <summary>
            
            </summary>
        </member>
        <member name="F:Tao.Platform.X11.Glx.GLX_DEPTH_BUFFER_BIT">
            <summary>
            
            </summary>
        </member>
        <member name="F:Tao.Platform.X11.Glx.GLX_STENCIL_BUFFER_BIT">
            <summary>
            
            </summary>
        </member>
        <member name="F:Tao.Platform.X11.Glx.GLX_ACCUM_BUFFER_BIT">
            <summary>
            
            </summary>
        </member>
        <member name="F:Tao.Platform.X11.Glx.GLX_X_VISUAL_TYPE_EXT">
            <summary>
            
            </summary>
        </member>
        <member name="F:Tao.Platform.X11.Glx.GLX_TRANSPARENT_TYPE_EXT">
            <summary>
            
            </summary>
        </member>
        <member name="F:Tao.Platform.X11.Glx.GLX_TRANSPARENT_INDEX_VALUE_EXT">
            <summary>
            
            </summary>
        </member>
        <member name="F:Tao.Platform.X11.Glx.GLX_TRANSPARENT_RED_VALUE_EXT">
            <summary>
            
            </summary>
        </member>
        <member name="F:Tao.Platform.X11.Glx.GLX_TRANSPARENT_GREEN_VALUE_EXT">
            <summary>
            
            </summary>
        </member>
        <member name="F:Tao.Platform.X11.Glx.GLX_TRANSPARENT_BLUE_VALUE_EXT">
            <summary>
            
            </summary>
        </member>
        <member name="F:Tao.Platform.X11.Glx.GLX_TRANSPARENT_ALPHA_VALUE_EXT">
            <summary>
            
            </summary>
        </member>
        <member name="F:Tao.Platform.X11.Glx.GLX_TRUE_COLOR_EXT">
            <summary>
            
            </summary>
        </member>
        <member name="F:Tao.Platform.X11.Glx.GLX_DIRECT_COLOR_EXT">
            <summary>
            
            </summary>
        </member>
        <member name="F:Tao.Platform.X11.Glx.GLX_PSEUDO_COLOR_EXT">
            <summary>
            
            </summary>
        </member>
        <member name="F:Tao.Platform.X11.Glx.GLX_STATIC_COLOR_EXT">
            <summary>
            
            </summary>
        </member>
        <member name="F:Tao.Platform.X11.Glx.GLX_GRAY_SCALE_EXT">
            <summary>
            
            </summary>
        </member>
        <member name="F:Tao.Platform.X11.Glx.GLX_STATIC_GRAY_EXT">
            <summary>
            
            </summary>
        </member>
        <member name="F:Tao.Platform.X11.Glx.GLX_NONE_EXT">
            <summary>
            
            </summary>
        </member>
        <member name="F:Tao.Platform.X11.Glx.GLX_TRANSPARENT_RGB_EXT">
            <summary>
            
            </summary>
        </member>
        <member name="F:Tao.Platform.X11.Glx.GLX_TRANSPARENT_INDEX_EXT">
            <summary>
            
            </summary>
        </member>
        <member name="F:Tao.Platform.X11.Glx.GLX_VISUAL_CAVEAT_EXT">
            <summary>
            
            </summary>
        </member>
        <member name="F:Tao.Platform.X11.Glx.GLX_SLOW_VISUAL_EXT">
            <summary>
            
            </summary>
        </member>
        <member name="F:Tao.Platform.X11.Glx.GLX_NON_CONFORMANT_VISUAL_EXT">
            <summary>
            
            </summary>
        </member>
        <member name="F:Tao.Platform.X11.Glx.GLX_SWAP_METHOD_OML">
            <summary>
            
            </summary>
        </member>
        <member name="F:Tao.Platform.X11.Glx.GLX_SWAP_EXCHANGE_OML">
            <summary>
            
            </summary>
        </member>
        <member name="F:Tao.Platform.X11.Glx.GLX_SWAP_COPY_OML">
            <summary>
            
            </summary>
        </member>
        <member name="F:Tao.Platform.X11.Glx.GLX_SWAP_UNDEFINED_OML">
            <summary>
            
            </summary>
        </member>
        <member name="F:Tao.Platform.X11.Glx.GLX_VISUAL_SELECT_GROUP_SGIX">
            <summary>
            
            </summary>
        </member>
        <member name="F:Tao.Platform.X11.Glx.GLX_VENDOR">
            <summary>
            
            </summary>
        </member>
        <member name="F:Tao.Platform.X11.Glx.GLX_VERSION">
            <summary>
            
            </summary>
        </member>
        <member name="F:Tao.Platform.X11.Glx.GLX_EXTENSIONS">
            <summary>
            
            </summary>
        </member>
        <member name="F:Tao.Platform.X11.Glx.GLX_SHARE_CONTEXT_EXT">
            <summary>
            
            </summary>
        </member>
        <member name="F:Tao.Platform.X11.Glx.GLX_VISUAL_ID_EXT">
            <summary>
            
            </summary>
        </member>
        <member name="F:Tao.Platform.X11.Glx.GLX_SCREEN_EXT">
            <summary>
            
            </summary>
        </member>
        <member name="F:Tao.Platform.X11.Glx.GLX_SAMPLE_BUFFERS_SGIS">
            <summary>
            
            </summary>
        </member>
        <member name="F:Tao.Platform.X11.Glx.GLX_SAMPLES_SGIS">
            <summary>
            
            </summary>
        </member>
        <member name="F:Tao.Platform.X11.Glx.GLX_EXT_import_context">
            <summary>
            
            </summary>
        </member>
        <member name="F:Tao.Platform.X11.Glx.GLX_EXT_visual_info">
            <summary>
            
            </summary>
        </member>
        <member name="F:Tao.Platform.X11.Glx.GLX_EXT_visual_rating">
            <summary>
            
            </summary>
        </member>
        <member name="F:Tao.Platform.X11.Glx.GLX_ARB_get_proc_address">
            <summary>
            
            </summary>
        </member>
        <member name="M:Tao.Platform.X11.Glx.glXChooseVisual(System.IntPtr,System.Int32,System.IntPtr)">
            <summary>
            
            </summary>
            <param name="dpy"></param>
            <param name="screen"></param>
            <param name="attriblist"></param>
            <returns></returns>
        </member>
        <member name="M:Tao.Platform.X11.Glx.glXChooseVisual(System.IntPtr,System.Int32,System.Int32)">
            <summary>
            
            </summary>
            <param name="dpy"></param>
            <param name="screen"></param>
            <param name="attrib"></param>
            <returns></returns>
        </member>
        <member name="M:Tao.Platform.X11.Glx.glXChooseVisual(System.IntPtr,System.Int32,System.Int32[])">
            <summary>
            
            </summary>
            <param name="dpy"></param>
            <param name="screen"></param>
            <param name="attriblist"></param>
            <returns></returns>
        </member>
        <member name="M:Tao.Platform.X11.Glx.glXCopyContext(System.IntPtr,System.IntPtr,System.IntPtr,System.UInt64)">
            <summary>
            
            </summary>
            <param name="dpy"></param>
            <param name="src"></param>
            <param name="dst"></param>
            <param name="mask"></param>
        </member>
        <member name="M:Tao.Platform.X11.Glx.glXCreateContext(System.IntPtr,System.IntPtr,System.IntPtr,System.Boolean)">
            <summary>
            
            </summary>
            <param name="dpy"></param>
            <param name="vis"></param>
            <param name="shareList"></param>
            <param name="direct"></param>
            <returns></returns>
        </member>
        <member name="M:Tao.Platform.X11.Glx.glXCreateGLXPixmap(System.IntPtr,System.IntPtr,System.IntPtr)">
            <summary>
            
            </summary>
            <param name="dpy"></param>
            <param name="vis"></param>
            <param name="pixmap"></param>
            <returns></returns>
        </member>
        <member name="M:Tao.Platform.X11.Glx.glXDestroyContext(System.IntPtr,System.IntPtr)">
            <summary>
            
            </summary>
            <param name="dpy"></param>
            <param name="context"></param>
        </member>
        <member name="M:Tao.Platform.X11.Glx.glXDestroyGLXPixmap(System.IntPtr,System.IntPtr)">
            <summary>
            
            </summary>
            <param name="dpy"></param>
            <param name="pix"></param>
        </member>
        <member name="M:Tao.Platform.X11.Glx.glXGetConfig(System.IntPtr,System.IntPtr,System.Int32,System.IntPtr)">
            <summary>
            
            </summary>
            <param name="dpy"></param>
            <param name="vis"></param>
            <param name="attrib"></param>
            <param name="value"></param>
            <returns></returns>
        </member>
        <member name="M:Tao.Platform.X11.Glx.glXGetConfig(System.IntPtr,System.IntPtr,System.Int32,System.Int32)">
            <summary>
            
            </summary>
            <param name="dpy"></param>
            <param name="vis"></param>
            <param name="attrib"></param>
            <param name="val"></param>
            <returns></returns>
        </member>
        <member name="M:Tao.Platform.X11.Glx.glXGetConfig(System.IntPtr,System.IntPtr,System.Int32,System.Int32[])">
            <summary>
            
            </summary>
            <param name="dpy"></param>
            <param name="vis"></param>
            <param name="attrib"></param>
            <param name="val"></param>
            <returns></returns>
        </member>
        <member name="M:Tao.Platform.X11.Glx.glXGetCurrentContext">
            <summary>
            
            </summary>
            <returns></returns>
        </member>
        <member name="M:Tao.Platform.X11.Glx.glXGetCurrentDrawable">
            <summary>
            
            </summary>
            <returns></returns>
        </member>
        <member name="M:Tao.Platform.X11.Glx.glXIsDirect(System.IntPtr,System.IntPtr)">
            <summary>
            
            </summary>
            <param name="dpy"></param>
            <param name="ctx"></param>
            <returns></returns>
        </member>
        <member name="M:Tao.Platform.X11.Glx.glXMakeCurrent(System.IntPtr,System.IntPtr,System.IntPtr)">
            <summary>
            
            </summary>
            <param name="display"></param>
            <param name="drawable"></param>
            <param name="context"></param>
            <returns></returns>
        </member>
        <member name="M:Tao.Platform.X11.Glx.glXQueryExtension(System.IntPtr,System.IntPtr,System.IntPtr)">
            <summary>
            
            </summary>
            <param name="dpy"></param>
            <param name="errorBase"></param>
            <param name="eventBase"></param>
            <returns></returns>
        </member>
        <member name="M:Tao.Platform.X11.Glx.glXQueryExtension(System.IntPtr,System.Int32*,System.Int32*)">
            <summary>
            
            </summary>
            <param name="dpy"></param>
            <param name="errorBase"></param>
            <param name="eventBase"></param>
            <returns></returns>
        </member>
        <member name="M:Tao.Platform.X11.Glx.glXQueryExtension(System.IntPtr,System.Int32,System.Int32)">
            <summary>
            
            </summary>
            <param name="dpy"></param>
            <param name="errorBase"></param>
            <param name="eventBase"></param>
            <returns></returns>
        </member>
        <member name="M:Tao.Platform.X11.Glx.glXQueryExtension(System.IntPtr,System.Int32[],System.Int32[])">
            <summary>
            
            </summary>
            <param name="dpy"></param>
            <param name="errorBase"></param>
            <param name="eventBase"></param>
            <returns></returns>
        </member>
        <member name="M:Tao.Platform.X11.Glx.glXQueryVersion(System.IntPtr,System.IntPtr,System.IntPtr)">
            <summary>
            
            </summary>
            <param name="dpy"></param>
            <param name="major"></param>
            <param name="minor"></param>
            <returns></returns>
        </member>
        <member name="M:Tao.Platform.X11.Glx.glXQueryVersion(System.IntPtr,System.Int32*,System.Int32*)">
            <summary>
            
            </summary>
            <param name="dpy"></param>
            <param name="major"></param>
            <param name="minor"></param>
            <returns></returns>
        </member>
        <member name="M:Tao.Platform.X11.Glx.glXSwapBuffers(System.IntPtr,System.IntPtr)">
            <summary>
            
            </summary>
            <param name="display"></param>
            <param name="drawable"></param>
        </member>
        <member name="M:Tao.Platform.X11.Glx.glXUseXFont(System.IntPtr,System.Int32,System.Int32,System.Int32)">
            <summary>
            
            </summary>
            <param name="font"></param>
            <param name="first"></param>
            <param name="count"></param>
            <param name="listBase"></param>
        </member>
        <member name="M:Tao.Platform.X11.Glx.glXWaitGL">
            <summary>
            
            </summary>
        </member>
        <member name="M:Tao.Platform.X11.Glx.glXWaitX">
            <summary>
            
            </summary>
        </member>
        <member name="M:Tao.Platform.X11.Glx.glXGetClientString(System.IntPtr,System.Int32)">
            <summary>
            
            </summary>
            <param name="dpy"></param>
            <param name="name"></param>
            <returns></returns>
        </member>
        <member name="M:Tao.Platform.X11.Glx.glXQueryServerString(System.IntPtr,System.Int32,System.Int32)">
            <summary>
            
            </summary>
            <param name="dpy"></param>
            <param name="screen"></param>
            <param name="name"></param>
            <returns></returns>
        </member>
        <member name="M:Tao.Platform.X11.Glx.glXQueryExtensionsString(System.IntPtr,System.Int32)">
            <summary>
            
            </summary>
            <param name="dpy"></param>
            <param name="screen"></param>
            <returns></returns>
        </member>
        <member name="M:Tao.Platform.X11.Glx.glXGetFBConfigs(System.IntPtr,System.Int32,System.Int32*)">
            <summary>
            
            </summary>
            <param name="dpy"></param>
            <param name="screen"></param>
            <param name="nelements"></param>
            <returns></returns>
        </member>
        <member name="M:Tao.Platform.X11.Glx.glXGetFBConfigs(System.IntPtr,System.Int32,System.Int32)">
            <summary>
            
            </summary>
            <param name="dpy"></param>
            <param name="screen"></param>
            <param name="element"></param>
            <returns></returns>
        </member>
        <member name="M:Tao.Platform.X11.Glx.glXGetFBConfigs(System.IntPtr,System.Int32,System.Int32[])">
            <summary>
            
            </summary>
            <param name="dpy"></param>
            <param name="screen"></param>
            <param name="nelements"></param>
            <returns></returns>
        </member>
        <member name="M:Tao.Platform.X11.Glx.glXChooseFBConfig(System.IntPtr,System.Int32,System.Int32*,System.Int32*)">
            <summary>
            
            </summary>
            <param name="dpy"></param>
            <param name="screen"></param>
            <param name="attrib_list"></param>
            <param name="nelements"></param>
            <returns></returns>
        </member>
        <member name="M:Tao.Platform.X11.Glx.glXChooseFBConfig(System.IntPtr,System.Int32,System.Int32,System.Int32)">
            <summary>
            
            </summary>
            <param name="dpy"></param>
            <param name="screen"></param>
            <param name="attrib_list"></param>
            <param name="nelements"></param>
            <returns></returns>
        </member>
        <member name="M:Tao.Platform.X11.Glx.glXChooseFBConfig(System.IntPtr,System.Int32,System.Int32[],System.Int32[])">
            <summary>
            
            </summary>
            <param name="dpy"></param>
            <param name="screen"></param>
            <param name="attrib_list"></param>
            <param name="nelements"></param>
            <returns></returns>
        </member>
        <member name="M:Tao.Platform.X11.Glx.glXGetFBConfigAttrib(System.IntPtr,System.IntPtr,System.Int32,System.Int32*)">
            <summary>
            
            </summary>
            <param name="dpy"></param>
            <param name="config"></param>
            <param name="attribute"></param>
            <param name="value"></param>
            <returns></returns>
        </member>
        <member name="M:Tao.Platform.X11.Glx.glXGetFBConfigAttrib(System.IntPtr,System.IntPtr,System.Int32,System.Int32)">
            <summary>
            
            </summary>
            <param name="dpy"></param>
            <param name="config"></param>
            <param name="attribute"></param>
            <param name="value"></param>
            <returns></returns>
        </member>
        <member name="M:Tao.Platform.X11.Glx.glXGetFBConfigAttrib(System.IntPtr,System.IntPtr,System.Int32,System.Int32[])">
            <summary>
            
            </summary>
            <param name="dpy"></param>
            <param name="config"></param>
            <param name="attribute"></param>
            <param name="value"></param>
            <returns></returns>
        </member>
        <member name="M:Tao.Platform.X11.Glx.glXGetVisualFromFBConfig(System.IntPtr,System.IntPtr)">
            <summary>
            
            </summary>
            <param name="dpy"></param>
            <param name="config"></param>
            <returns></returns>
        </member>
        <member name="M:Tao.Platform.X11.Glx.glXCreateWindow(System.IntPtr,System.IntPtr,System.Int32,System.Int32*)">
            <summary>
            
            </summary>
            <param name="dpy"></param>
            <param name="config"></param>
            <param name="win"></param>
            <param name="attrib_list"></param>
            <returns></returns>
        </member>
        <member name="M:Tao.Platform.X11.Glx.glXCreateWindow(System.IntPtr,System.IntPtr,System.Int32,System.Int32[])">
            <summary>
            
            </summary>
            <param name="dpy"></param>
            <param name="config"></param>
            <param name="win"></param>
            <param name="attrib_list"></param>
            <returns></returns>
        </member>
        <member name="M:Tao.Platform.X11.Glx.glXDestroyWindow(System.IntPtr,System.Int32)">
            <summary>
            
            </summary>
            <param name="dpy"></param>
            <param name="win"></param>
        </member>
        <member name="M:Tao.Platform.X11.Glx.glXCreatePixmap(System.IntPtr,System.IntPtr,System.IntPtr,System.Int32*)">
            <summary>
            
            </summary>
            <param name="dpy"></param>
            <param name="config"></param>
            <param name="pixmap"></param>
            <param name="attrib_list"></param>
            <returns></returns>
        </member>
        <member name="M:Tao.Platform.X11.Glx.glXCreatePixmap(System.IntPtr,System.IntPtr,System.IntPtr,System.Int32[])">
            <summary>
            
            </summary>
            <param name="dpy"></param>
            <param name="config"></param>
            <param name="pixmap"></param>
            <param name="attrib_list"></param>
            <returns></returns>
        </member>
        <member name="M:Tao.Platform.X11.Glx.glXDestroyPixmap(System.IntPtr,System.Int32)">
            <summary>
            
            </summary>
            <param name="dpy"></param>
            <param name="pixmap"></param>
        </member>
        <member name="M:Tao.Platform.X11.Glx.glXCreatePbuffer(System.IntPtr,System.IntPtr,System.Int32*)">
            <summary>
            
            </summary>
            <param name="dpy"></param>
            <param name="config"></param>
            <param name="attrib_list"></param>
            <returns></returns>
        </member>
        <member name="M:Tao.Platform.X11.Glx.glXCreatePbuffer(System.IntPtr,System.IntPtr,System.Int32[])">
            <summary>
            
            </summary>
            <param name="dpy"></param>
            <param name="config"></param>
            <param name="attrib_list"></param>
            <returns></returns>
        </member>
        <member name="M:Tao.Platform.X11.Glx.glXDestroyPbuffer(System.IntPtr,System.IntPtr)">
            <summary>
            
            </summary>
            <param name="dpy"></param>
            <param name="pbuf"></param>
        </member>
        <member name="M:Tao.Platform.X11.Glx.glXQueryDrawable(System.IntPtr,System.IntPtr,System.Int32,System.UInt32*)">
            <summary>
            
            </summary>
            <param name="dpy"></param>
            <param name="draw"></param>
            <param name="attribute"></param>
            <param name="value"></param>
        </member>
        <member name="M:Tao.Platform.X11.Glx.glXQueryDrawable(System.IntPtr,System.IntPtr,System.Int32,System.UInt32[])">
            <summary>
            
            </summary>
            <param name="dpy"></param>
            <param name="draw"></param>
            <param name="attribute"></param>
            <param name="value"></param>
        </member>
        <member name="M:Tao.Platform.X11.Glx.glXCreateNewContext(System.IntPtr,System.IntPtr,System.Int32,System.IntPtr,System.Boolean)">
            <summary>
            
            </summary>
            <param name="dpy"></param>
            <param name="config"></param>
            <param name="render_type"></param>
            <param name="share_list"></param>
            <param name="direct"></param>
            <returns></returns>
        </member>
        <member name="M:Tao.Platform.X11.Glx.glXMakeContextCurrent(System.IntPtr,System.IntPtr,System.IntPtr,System.IntPtr)">
            <summary>
            
            </summary>
            <param name="display"></param>
            <param name="draw"></param>
            <param name="read"></param>
            <param name="ctx"></param>
            <returns></returns>
        </member>
        <member name="M:Tao.Platform.X11.Glx.glXGetCurrentReadDrawable">
            <summary>
            
            </summary>
            <returns></returns>
        </member>
        <member name="M:Tao.Platform.X11.Glx.glXGetCurrentDisplay">
            <summary>
            
            </summary>
            <returns></returns>
        </member>
        <member name="M:Tao.Platform.X11.Glx.glXQueryContext(System.IntPtr,System.IntPtr,System.Int32,System.Int32*)">
            <summary>
            
            </summary>
            <param name="dpy"></param>
            <param name="ctx"></param>
            <param name="attribute"></param>
            <param name="value"></param>
            <returns></returns>
        </member>
        <member name="M:Tao.Platform.X11.Glx.glXQueryContext(System.IntPtr,System.IntPtr,System.Int32,System.Int32)">
            <summary>
            
            </summary>
            <param name="dpy"></param>
            <param name="ctx"></param>
            <param name="attribute"></param>
            <param name="value"></param>
            <returns></returns>
        </member>
        <member name="M:Tao.Platform.X11.Glx.glXQueryContext(System.IntPtr,System.IntPtr,System.Int32,System.Int32[])">
            <summary>
            
            </summary>
            <param name="dpy"></param>
            <param name="ctx"></param>
            <param name="attribute"></param>
            <param name="value"></param>
            <returns></returns>
        </member>
        <member name="M:Tao.Platform.X11.Glx.glXSelectEvent(System.IntPtr,System.IntPtr,System.UInt64)">
            <summary>
            
            </summary>
            <param name="dpy"></param>
            <param name="draw"></param>
            <param name="event_mask"></param>
        </member>
        <member name="M:Tao.Platform.X11.Glx.glXGetSelectedEvent(System.IntPtr,System.IntPtr,System.UInt64*)">
            <summary>
            
            </summary>
            <param name="dpy"></param>
            <param name="draw"></param>
            <param name="event_mask"></param>
        </member>
        <member name="M:Tao.Platform.X11.Glx.glXGetSelectedEvent(System.IntPtr,System.IntPtr,System.UInt64)">
            <summary>
            
            </summary>
            <param name="dpy"></param>
            <param name="draw"></param>
            <param name="event_mask"></param>
        </member>
        <member name="M:Tao.Platform.X11.Glx.glxGetProcAddress(System.String)">
            <summary>
            
            </summary>
            <param name="procName"></param>
            <returns></returns>
        </member>
        <member name="M:Tao.Platform.X11.Glx.glXGetContextIDEXT(System.IntPtr)">
            <summary>
            
            </summary>
            <param name="ctx"></param>
            <returns></returns>
        </member>
        <member name="M:Tao.Platform.X11.Glx.glXImportContextEXT(System.IntPtr,System.Int32)">
            <summary>
            
            </summary>
            <param name="dpy"></param>
            <param name="contextID"></param>
            <returns></returns>
        </member>
        <member name="M:Tao.Platform.X11.Glx.glXFreeContextEXT(System.IntPtr,System.IntPtr)">
            <summary>
            
            </summary>
            <param name="dpy"></param>
            <param name="ctx"></param>
        </member>
        <member name="M:Tao.Platform.X11.Glx.glXQueryContextInfoEXT(System.IntPtr,System.IntPtr,System.Int32,System.Int32*)">
            <summary>
            
            </summary>
            <param name="dpy"></param>
            <param name="ctx"></param>
            <param name="attribute"></param>
            <param name="value"></param>
            <returns></returns>
        </member>
        <member name="M:Tao.Platform.X11.Glx.glXQueryContextInfoEXT(System.IntPtr,System.IntPtr,System.Int32,System.Int32)">
            <summary>
            
            </summary>
            <param name="dpy"></param>
            <param name="ctx"></param>
            <param name="attribute"></param>
            <param name="value"></param>
            <returns></returns>
        </member>
        <member name="M:Tao.Platform.X11.Glx.glXGetCurrentDisplayEXT">
            <summary>
            
            </summary>
            <returns></returns>
        </member>
        <member name="M:Tao.Platform.X11.Glx.glXGetProcAddressARB(System.String)">
            <summary>
            
            </summary>
            <param name="procName"></param>
            <returns></returns>
        </member>
    </members>
</doc>
