<navmesh>
	<polygons>
		<polygon>
			<point x="-474.4968" y ="95.48872"/>
			<point x="-290.242" y ="75.93985"/>
			<point x="-291.8726" y ="151.1278"/>
			<point x="-469.6051" y ="164.6617"/>
		</polygon>
		<polygon>
			<point x="-272.3057" y ="53.38346"/>
			<point x="-207.0828" y ="-66.91729"/>
			<point x="-164.6879" y ="42.85714"/>
			<point x="-185.8853" y ="170.6767"/>
			<point x="-278.828" y ="172.1805"/>
		</polygon>
		<polygon>
			<point x="-185.8853" y ="-69.92481"/>
			<point x="0" y ="-101.5038"/>
			<point x="6.522293" y ="-11.2782"/>
			<point x="-150.0127" y ="33.83459"/>
		</polygon>
		<polygon>
			<point x="27.71975" y ="-101.5038"/>
			<point x="195.6688" y ="-92.4812"/>
			<point x="171.2102" y ="-3.759398"/>
			<point x="29.35032" y ="-12.78195"/>
		</polygon>
	</polygons>
	<links>
		<link>
			<start polygon="0" edgestart="1" edgeend="2"/>
			<end polygon="1" edgestart="4" edgeend="0"/>
		</link>
		<link>
			<start polygon="1" edgestart="1" edgeend="2"/>
			<end polygon="2" edgestart="3" edgeend="0"/>
		</link>
		<link>
			<start polygon="2" edgestart="1" edgeend="2"/>
			<end polygon="3" edgestart="3" edgeend="0"/>
		</link>
	</links>
</navmesh>
