<navmesh>
	<polygons>
		<polygon>
			<point x="-474.4968" y ="95.48872"/>
			<point x="-290.242" y ="75.93985"/>
			<point x="-291.8726" y ="151.1278"/>
			<point x="-469.6051" y ="164.6617"/>
		</polygon>
		<polygon>
			<point x="-272.3057" y ="53.38346"/>
			<point x="-207.0828" y ="-66.91729"/>
			<point x="-164.6879" y ="42.85714"/>
			<point x="-185.8853" y ="170.6767"/>
			<point x="-278.828" y ="172.1805"/>
		</polygon>
		<polygon>
			<point x="-185.8853" y ="-69.92481"/>
			<point x="0" y ="-101.5038"/>
			<point x="6.522293" y ="-11.2782"/>
			<point x="-150.0127" y ="33.83459"/>
		</polygon>
		<polygon>
			<point x="27.71975" y ="-101.5038"/>
			<point x="194.0382" y ="-60.90226"/>
			<point x="151.6433" y ="11.2782"/>
			<point x="29.35032" y ="-12.78195"/>
		</polygon>
		<polygon>
			<point x="171.2102" y ="32.33083"/>
			<point x="231.5414" y ="-41.35338"/>
			<point x="308.1783" y ="59.39849"/>
			<point x="231.5414" y ="100"/>
		</polygon>
		<polygon>
			<point x="242.9554" y ="-203.7594"/>
			<point x="293.5032" y ="-157.1429"/>
			<point x="226.6497" y ="-83.45865"/>
			<point x="172.8408" y ="-103.0075"/>
		</polygon>
		<polygon>
			<point x="-19.56688" y ="-289.4737"/>
			<point x="52.17834" y ="-289.4737"/>
			<point x="58.70064" y ="-133.0827"/>
			<point x="-27.71975" y ="-128.5714"/>
		</polygon>
		<polygon>
			<point x="241.3248" y ="122.5564"/>
			<point x="324.4841" y ="96.99248"/>
			<point x="313.0701" y ="233.8346"/>
			<point x="220.1274" y ="236.8421"/>
		</polygon>
	</polygons>
	<links>
		<link>
			<start polygon="0" edgestart="1" edgeend="2"/>
			<end polygon="1" edgestart="4" edgeend="0"/>
		</link>
		<link>
			<start polygon="1" edgestart="1" edgeend="2"/>
			<end polygon="2" edgestart="3" edgeend="0"/>
		</link>
		<link>
			<start polygon="2" edgestart="1" edgeend="2"/>
			<end polygon="3" edgestart="3" edgeend="0"/>
		</link>
		<link>
			<start polygon="2" edgestart="0" edgeend="1"/>
			<end polygon="6" edgestart="2" edgeend="3"/>
		</link>
		<link>
			<start polygon="3" edgestart="0" edgeend="1"/>
			<end polygon="6" edgestart="2" edgeend="3"/>
		</link>
		<link>
			<start polygon="2" edgestart="0" edgeend="1"/>
			<end polygon="6" edgestart="2" edgeend="3"/>
		</link>
		<link>
			<start polygon="3" edgestart="0" edgeend="1"/>
			<end polygon="5" edgestart="2" edgeend="3"/>
		</link>
		<link>
			<start polygon="3" edgestart="1" edgeend="2"/>
			<end polygon="4" edgestart="0" edgeend="1"/>
		</link>
		<link>
			<start polygon="4" edgestart="2" edgeend="3"/>
			<end polygon="7" edgestart="0" edgeend="1"/>
		</link>
	</links>
</navmesh>
